magnesium,calcium,hydrogencarbonat,kalium,natrium,chlorid,sulfat,title,id
24,99,325,13,7,32,78,1 Aqua Mineralwasser,297
18,26,142,1,11,19,19,1000 Wasser Classic,299
28,42,248,1,16,33,14,1000 Wasser Medium,300
18,26,142,1,11,19,19,1000 Wasser naturelle,301
23,118,297,10,8,41,121,1Aqua Nautrell (Dursty),304
10,45,209,2,28,19,26,57 Wasser,305
26,59,312,1,3,1,10,Abenstaler Quelle Classic,307
26,59,312,1,3,1,10,Abenstaler Quelle Naturell,308
26,59,312,0,2,1,10,Abenstaler Quelle Still,309
6,32,106,0,6,9,21,Acqua Panna,312
31,67,319,1,12,20,27,Active O2 (Tafelwasser mit Sauerstoff),316
39,579,284,0,7,7,1.268,Adelbodner Spezial,319
33,70,342,1,14,21,27,Adelholzener Classic,279
33,70,342,1,13,21,27,Adelholzener Extra Still,323
30,93,433,1,4,3,6,Adelholzener Naturell,324
33,70,342,1,14,21,27,Adelholzener Sanft,325
28,82,368,1,4,3,17,Adldorfer Medium,330
28,82,368,1,4,3,17,Adldorfer Spritzig,331
28,82,368,1,4,3,17,Adldorfer Still,332
29,136,347,19,68,73,243,Aegidius Brunnen Classic (Rheinlandquelle),334
40,50,610,10,190,100,90,Aegidius Brunnen Medium,335
74,88,918,9,156,55,33,Ahrquelle Medium,338
82,68,949,0,167,54,0,Ahrtalquelle Mineral Sprudel,339
17,31,148,12,4,13,26,Alasia Perle Medium,343
17,31,148,12,4,13,26,Alasia Perle Pur,344
17,31,148,12,4,13,26,Alasia Spritzig,345
75,417,407,5,16,7,989,Alb-Perle Classic,347
75,417,407,5,16,7,989,Alb-Perle Medium,348
30,57,339,1,8,0,8,Albertus Quelle Medium,350
32,56,338,2,9,1,9,Albertus Quelle mit Kohlensäure,351
32,56,338,2,9,1,9,Albertus Quelle mit wenig Kohlensäure,352
21,40,274,1,17,0,8,Allgäuer Alpenwasser Medium,358
21,40,275,1,18,1,7,Allgäuer Alpenwasser Sanft,359
21,40,274,1,17,1,8,Allgäuer Alpenwasser Spritzig,360
22,40,275,1,19,1,9,Allgäuer Alpenwasser Still,361
21,85,354,2,2,1,12,Aloisius Quelle Naturell,362
21,85,354,2,2,1,12,Aloisius Quelle Sanft,363
21,85,354,2,2,1,12,Aloisius Quelle Spritzig,364
11,105,497,0,40,0,0,Alosa Medium,365
11,105,467,0,40,0,0,Alosa Still,366
3,54,142,1,8,19,22,Alstertaler Classic,369
3,54,142,1,8,19,22,Alstertaler Medium,370
3,54,142,1,8,19,22,Alstertaler Still,371
5,8,370,10,270,242,0,Alt-Bürgerbrunn Classic,372
5,8,370,10,270,242,0,Alt-Bürgerbrunn Medium,373
11,46,291,29,45,1,64,Altmühltaler Classic,374
11,46,291,29,45,1,64,Altmühltaler Medium,375
11,46,291,29,45,1,64,Altmühltaler Still,376
27,226,464,8,91,51,400,Alvara Classic,377
27,226,464,8,91,51,400,Alvara Medium,378
27,226,464,8,91,51,400,Alvara Naturell,379
65,485,412,5,17,28,1.110,Alwa Classic,380
65,485,412,5,17,28,1.110,Alwa Medium,382
65,485,412,5,17,28,1.110,Alwa Naturelle,383
39,42,286,6,4,3,45,Amandus Spritzig,384
2,23,0,1,6,14,61,Ambassador Classic,385
2,23,0,1,6,14,61,Ambassador Medium,386
2,23,0,1,6,14,61,Ambassador Naturell,387
78,498,278,3,15,20,1.280,Antonius Quelle,393
6,110,240,1,19,42,73,Apodis Classic,394
6,110,240,1,19,42,73,Apodis Medium,395
6,110,240,1,19,42,73,Apodis Naturell,396
120,90,1.800,30,470,130,100,Apollinaris Classic,282
120,90,1.800,30,470,130,100,Apollinaris Classic (feinperlig),400
120,90,1.800,30,470,130,100,Apollinaris Medium (feinperlig),401
52,52,653,0,117,34,34,Apollinaris Silence,402
44,581,502,2,23,38,1.175,Apollo Mineralquelle Sport Spritzig,403
6,60,204,0,4,5,0,Aqua (Brandenburger Urstromquelle) Classic,407
6,60,204,0,4,5,0,Aqua (Brandenburger Urstromquelle) Medium,408
3,68,173,0,14,21,41,Aqua (Claudius-Quelle) Classic,409
3,68,173,0,14,21,41,Aqua (Claudius-Quelle) Medium,410
3,68,173,0,14,21,41,Aqua (Claudius-Quelle) Naturell,411
51,184,278,2,16,45,411,Aqua (Quelle Werretaler) Naturell,412
11,46,291,29,45,1,64,Aqua Culinaris (Altmühltaler Quelle) Still,413
6,71,240,4,66,97,18,Aqua Culinaris (Cora-Quelle) Classic,414
8,14,74,0,2,4,8,Aqua Culinaris (Erberskopf-Quelle) Classic,415
8,14,74,0,2,4,8,Aqua Culinaris (Erberskopf-Quelle) Medium,416
8,15,74,0,2,4,9,Aqua Culinaris (Erberskopf-Quelle) Still,417
9,81,266,1,4,0,17,Aqua Culinaris (Euregio Quelle) Classic,418
9,81,266,1,4,0,17,Aqua Culinaris (Euregio-Quelle) Still,419
0,1,386,6,247,122,26,Aqua Culinaris (Kursfels) Classic,420
0,1,386,6,247,122,26,Aqua Culinaris (Kursfels) Medium,421
5,34,270,21,62,1,50,Aqua Culinaris (Levia-Quelle) Classic,422
5,34,270,21,62,1,50,Aqua Culinaris (Levia-Quelle) Medium,423
14,71,240,2,7,14,41,Aqua Culinaris (Noé-Quelle) Classic,424
22,138,154,3,17,60,251,Aqua Culinaris (Noé-Quelle) Medium,425
22,138,154,3,17,60,251,Aqua Culinaris (Noé-Quelle) Still,426
18,97,415,2,20,4,14,Aqua Culinaris (Quintus-Quelle) Classic,427
18,97,415,2,20,4,14,Aqua Culinaris (Quintus-Quelle) Medium,428
18,97,415,2,20,4,14,Aqua Culinaris (Quintus-Quelle) Still,429
9,119,252,1,12,33,106,Aqua Culinaris (St. Jakobus Quelle) Still,430
10,22,105,4,6,6,18,Aqua Culinaris (St. Lambertus Quelle) Medium,431
46,180,443,2,10,38,232,Aqua Fun Medium (Elfen-Quelle),433
6,32,106,1,7,8,22,Aqua Panna,435
17,164,546,5,16,0,0,Aqua Quelle Classic,436
17,164,546,5,16,0,0,Aqua Quelle Medium,437
17,164,546,5,16,0,0,Aqua Quelle Naturell,438
53,569,193,0,23,10,1.460,Aqua Römer Classic,439
54,569,193,0,23,10,1.460,Aqua Römer Medium,441
53,569,193,0,23,10,1.460,Aqua Römer Naturelle,442
2,31,111,1,9,6,3,Aqua Select (Fürstenbrunn),444
15,22,108,1,13,21,32,Aqua Sirona Classic,445
15,22,108,1,13,21,32,Aqua Sirona Medium,446
15,19,84,1,8,14,39,Aqua Sirona Naturelle,447
16,68,295,1,8,4,0,Aqua Star,448
54,128,420,3,12,27,180,Aqua Vitale Naturelle,449
64,500,414,5,18,29,1.130,AquaMia Classic (Alwa-Quelle),454
64,500,414,5,18,29,1.130,AquaMia Medium (Alwa-Quelle),455
64,500,414,5,18,29,1.130,AquaMia Still (Alwa-Quelle),456
64,500,414,5,18,29,1.130,AquaMia Still (Vitale-Quelle),457
15,18,84,1,8,14,39,Aquarissima Classic,458
44,93,827,12,312,197,156,Aquarissima Naturquelle Medium,459
1,2,361,5,231,113,0,Aquintell Classic,466
1,2,361,5,231,113,0,Aquintell Medium,467
1,2,351,5,187,63,21,Aquintus Classic,468
1,2,351,5,187,63,21,Aquintus Medium,469
1,2,351,5,187,63,21,Aquintus Naturell,470
1,1,431,4,246,90,17,Ardey Exquisit Classic (PET),473
1,1,431,4,246,90,17,Ardey Exquisit Medium (PET),474
1,1,431,4,246,90,17,Ardey Exquisit Naturelle (PET),475
13,49,441,9,136,43,50,Arkia Medium,476
13,106,317,0,34,55,64,Arkona Classic,479
28,172,348,23,40,66,286,Arret,480
9,31,137,2,17,17,17,Artesia Quelle,485
8,31,131,2,17,18,18,Artesia Quelle Sanft,486
8,31,131,2,17,18,18,Artesia Quelle Spritzig,487
90,506,362,5,20,13,1.310,Aspacher Kloster Quelle Classic,490
90,506,362,5,20,13,1.310,Aspacher Kloster Quelle Medium,491
23,118,297,10,8,41,121,ASS Naturell (Dursty),492
11,110,476,1,20,8,1,Assindia Classic,493
28,150,356,8,16,71,155,Assindia Classic,494
5,13,67,3,6,8,2,Aua Culinaris (Vitaqua) Medium,497
10,110,431,2,20,29,9,Auburg Quelle Classic,498
10,110,431,2,20,29,9,Auburg Quelle Naturelle,499
10,110,431,2,20,29,9,Auburg Urquelle,500
4,55,128,2,13,30,39,Auenwald Medium,501
3,47,182,2,19,10,8,Auenwald Medium (St. Cyriakus-Quelle),502
70,190,1.020,10,260,340,30,Augusta Victoria (Selters Mineralquelle),503
20,88,302,1,6,20,35,Autenrieder Schlossgartenquelle Classic,504
20,88,302,1,6,20,35,Autenrieder Schlossgartenquelle Medium,505
25,52,260,1,8,12,21,Avanus,506
34,88,304,1,8,23,72,Avanus Still,507
7,37,307,17,290,325,48,Avara Medium (Bad Liebenzeller Q2 Quelle),508
7,37,307,17,290,325,48,Avara Sprudel (Bad Liebenzeller Q2 Quelle),509
28,175,706,13,109,128,31,Azur Medium,511
28,175,706,13,109,128,31,Azur Spritzig,513
28,175,706,13,109,128,31,Azur Still,514
12,13,93,1,9,4,16,Bad Brambacher Medium,517
12,13,93,1,9,4,16,Bad Brambacher Naturell,518
12,13,93,1,9,4,16,Bad Brambacher Sanft,519
12,13,93,1,9,4,16,Bad Brambacher Spritzig,520
4,14,60,3,2,4,5,Bad Brückenauer Medium,521
4,14,60,3,2,4,5,Bad Brückenauer Naturelle,522
4,14,60,3,2,4,5,Bad Brückenauer Spritzig (König Ludwig Quelle),523
23,80,412,5,110,122,29,Bad Camberger Classic,524
23,80,412,5,110,122,29,Bad Camberger Medium,525
23,80,412,5,110,122,29,Bad Camberger Naturelle,526
34,129,375,3,7,7,189,Bad Driburger Classic (Natuparkquelle),527
33,124,375,3,7,7,173,Bad Driburger Medium (Naturparkquelle),528
33,124,375,3,7,7,173,Bad Driburger Still (Naturparkquelle),529
50,340,365,3,14,28,735,Bad Dürrheimer Classic,530
50,340,365,0,14,28,735,Bad Dürrheimer Classic (Johannisquelle),531
41,153,370,2,5,11,235,Bad Dürrheimer Légére,532
50,340,365,3,14,28,735,Bad Dürrheimer Medium (Johannisquelle),533
44,159,353,1,31,67,276,Bad Dürrheimer Naturell,534
21,64,139,8,303,468,150,Bad Harzburger Juliushaller,535
8,38,112,1,8,11,43,Bad Harzburger Naturelle,536
8,38,112,1,8,11,43,Bad Harzburger Urquell Classic,537
8,38,112,1,8,11,43,Bad Harzburger Urquell Medium,538
25,48,272,4,2,4,5,Bad Kissinger Classic,539
25,49,275,5,3,5,5,Bad Kissinger Medium,540
25,49,275,5,3,5,5,Bad Kissinger Naturelle,541
3,16,0,1,7,5,56,Bad Liebenwerda Medium,542
3,16,0,1,7,5,56,Bad Liebenwerda Naturell,543
3,16,0,2,7,5,56,Bad Liebenwerda Sanft,544
3,16,0,1,7,5,56,Bad Liebenwerda Spritzig,545
7,37,312,16,274,300,47,Bad Liebenzeller Classic,546
7,37,312,16,274,300,47,Bad Liebenzeller Medium,547
7,37,312,16,274,300,47,Bad Liebenzeller Naturelle,548
7,37,312,16,274,300,47,Bad Liebenzeller Still,549
70,328,287,2,20,13,868,Bad Meinberger Classic,550
58,336,280,2,17,13,844,Bad Meinberger Medium,551
70,328,287,2,20,13,868,Bad Meinberger Naturelle,552
24,53,253,0,5,14,9,Bad Pyrmonter Classic,553
24,53,253,1,5,14,9,Bad Pyrmonter Medium,554
24,53,253,1,5,14,9,Bad Pyrmonter Naturell,555
24,53,253,1,5,14,9,Bad Pyrmonter Sanftperlig,556
29,100,227,1,21,22,184,Bad Reichenhaller Classic,557
29,100,227,1,21,22,184,Bad Reichenhaller Medium,558
29,100,227,1,21,22,184,Bad Reichenhaller Still,559
58,115,271,8,187,332,237,Bad Rilchinger Spritzig,560
57,115,271,7,187,332,237,Bad Rilchinger Still,561
14,87,542,12,124,53,42,Bad Vibeler Medium (Ried Quelle),562
14,87,542,12,124,53,42,Bad Vibeler Spritzig (Ried Quelle),563
25,190,727,13,98,111,54,Bad Vilbeler Urquell Aktiv,564
27,194,832,15,119,132,28,Bad Vilbeler Urquell Medium,565
26,190,727,13,98,111,54,Bad Vilbeler Urquell Spritzig,566
74,154,568,7,384,534,328,Bad Zwestener Löwensprudel Medium,567
85,190,1.300,10,165,44,38,Badoit,289
85,190,1.300,10,165,44,38,Badoit,569
12,19,109,0,8,5,16,Balduin Quelle,571
200,132,2.652,31,905,565,131,Barbarossa Brunnen Classic,574
3,71,163,1,19,51,28,Baron von Westfalen Classic (Apodis Quelle),575
3,71,163,1,19,51,28,Baron von Westfalen Medium (Apodis Quelle),576
75,552,401,14,148,240,1.300,Basinus (Krönungsquelle),577
50,288,351,6,92,80,710,Basinus Aktiv  (Bonaris Quelle),578
50,288,351,6,92,80,710,Basinus Medium (Bonaris Quelle),579
89,600,340,8,38,38,1.530,Bella Fontanis Classic,580
89,600,340,8,38,38,1.530,Bella Fontanis Medium,581
89,600,340,8,38,38,1.530,Bella Fontanis Naturelle,582
16,92,298,1,5,17,45,Bellaris Classic,583
16,92,298,1,5,17,45,Bellaris Medium,584
16,91,292,2,6,16,39,Bellaris Naturell,585
16,91,292,2,6,16,39,Bellaris Sanfte Quelle,586
24,34,231,2,13,9,9,Berg Quelle (Quellort Schwollen) Classic,588
24,34,231,2,13,9,9,Berg Quelle (Quellort Schwollen) Medium,589
24,34,231,2,13,9,9,Berg Quelle Classic (Quellort Schwollen),591
17,27,175,1,7,6,10,Berg Quelle Leicht (Quellort Schwollen),592
6,27,135,1,6,14,20,Bergische Waldquelle,593
74,313,294,0,19,15,850,Bergwaldquell Classic,594
74,313,294,0,19,15,850,Bergwaldquell Medium,595
35,86,430,2,5,1,21,Bernadett Brunnen Medium,596
35,86,430,2,5,1,22,Bernadett Brunnen Sanft,597
35,86,430,2,5,1,22,Bernadett Brunnen Spritzig,598
35,86,430,2,5,1,22,Bernadett Hechtl Tafelwasser,599
17,67,270,0,2,2,33,Bio Kristall Still,603
4,62,337,4,105,62,39,Birgy Bronn,604
4,66,325,5,92,52,38,Birgy Bronn,605
4,62,337,4,105,62,39,Birgy Medium,606
4,66,325,5,92,52,38,Birgy Medium,607
75,207,1.362,22,548,671,29,Biski Quelle,608
17,31,351,18,67,4,17,Bissinger Auerquelle Medium,609
18,31,351,17,67,4,17,Bissinger Auerquelle Sanft,610
18,31,351,17,67,4,17,Bissinger Auerquelle Spritzig,611
3,7,30,2,1,1,3,Black Forest  (Hansjakobquelle),613
2,5,18,2,1,1,3,Black Forest  (Hansjakobquelle),614
2,5,18,2,1,1,3,Black Forest fein perlend,615
25,155,311,2,9,0,193,Blankenburger Wiesenquell Medium,617
22,134,304,2,7,0,152,Blankenburger Wiesenquell Naturelle,618
25,155,311,2,9,0,193,Blankenburger Wiesenquell Spritzig,619
77,654,375,4,11,0,1.562,Blue magic water Tafelwasser,620
32,347,326,3,9,11,720,Bonatur Classic,621
32,347,326,3,9,11,720,Bonatur Medium,622
32,347,326,3,9,11,720,Bonatur Naturelle,623
0,79,194,0,8,26,0,Brandenburger Quell Classic,626
21,43,233,1,7,2,12,Brauerei Rapp Medium,627
21,43,233,1,7,2,12,Brauerei Rapp Spritzig,628
21,43,233,1,7,2,12,Brauerei Rapp Still,629
14,135,411,0,66,110,42,Breisgauer Classic,631
14,135,411,0,66,110,42,Breisgauer Still,632
16,33,152,1,10,19,14,Brillant Quelle,633
80,80,1.150,20,340,190,90,Brohler Classic,635
80,80,1.220,20,360,200,90,Brohler Medium,636
40,50,340,10,60,60,60,Brohler Naturell,637
26,61,310,2,4,1,16,Brunnthaler Naturell,643
24,6,231,2,5,1,16,Brunnthaler Spritzig,644
26,61,310,2,4,1,16,Brunnthaler Still,645
19,50,591,10,276,148,135,Burg Quelle Classic,646
36,139,347,3,7,3,216,Burgenperle Classic,647
37,139,347,4,7,3,216,Burgenperle Medium,648
36,139,347,4,7,3,216,Burgenperle Naturell,649
37,139,347,4,7,3,216,Burgenperle Spritzig,650
1,2,384,5,200,73,0,Burgwallbronn First Class,651
7,2,384,5,200,73,0,Burgwallbronn Medium,653
95,281,1.222,13,103,79,203,Caldener Medium,656
95,281,1.222,13,103,79,203,Caldener Sanft,657
95,281,1.222,13,103,79,203,Caldener Spritzig,658
60,267,325,0,24,11,664,Carolinen Bio Naturelle,666
51,209,340,0,13,15,477,Carolinen Classic (Urquelle),667
43,421,317,4,15,11,950,Carolinen Classic (Ursprungsquelle),669
51,209,340,0,13,15,477,Carolinen Medium (Urquelle),670
43,421,317,4,15,11,950,Carolinen Medium (Ursprungsquelle),671
43,421,317,4,14,11,950,Carolinen Naturell (Ursprungsquelle),672
94,591,399,21,297,446,1.480,Cascada Medium,673
4,11,48,2,1,5,6,Celtic Naturell,678
8,42,104,1,8,21,44,Chapelle (Bergische Waldquelle),681
8,106,282,2,11,34,61,"Christinen Carat 0,5l  (Felsenquelle Steinhagen)",686
8,106,282,2,11,34,61,Christinen Carat 1l (Felsenquelle Steinhagen),687
5,52,483,9,297,219,110,Christinen Medium (Teutoburger Bergquelle),688
5,52,483,9,297,219,110,Christinen Naturell (Teutoburger Bergquelle),689
5,52,483,9,297,219,110,Christinen Spritzig (Teutoburger Bergquelle),691
4,52,483,8,297,219,110,Christinen Still (Teuto-Quelle),692
21,92,415,1,36,38,7,Clevervit Jod+,695
74,468,372,0,9,0,1.121,Contrex,701
32,229,458,8,86,67,460,Coronet Medium,702
32,229,458,8,86,67,460,Coronet Natürliches Mineralwasser,703
6,24,78,5,9,20,20,Dachsberg Quelle Still,723
197,135,3.302,35,760,52,0,Dauner Mineralquelle Classic,725
197,135,3.302,35,760,52,0,Dauner Mineralquelle Medium,726
16,33,205,3,16,8,11,Del Bon Sanft,734
16,33,205,3,16,8,11,Del Bon Spritzig,735
32,246,496,1,7,7,346,Delta Brunnen Classic,736
32,246,496,1,7,7,346,Delta Brunnen Medium,737
25,62,321,0,11,6,7,Diana Medium,740
25,62,321,0,11,6,7,Diana Spritzig,741
35,125,357,2,11,24,154,Diemeltaler Quelle Classic,743
32,142,353,2,15,27,162,Diemeltaler Quelle Medium,744
32,142,353,2,15,27,162,Diemeltaler Quelle Still,745
27,50,304,1,6,1,8,Dietenbronner Aktiv Classic,746
27,50,304,1,6,1,8,Dietenbronner Aktiv Feinperlend,747
27,50,304,1,6,1,8,Dietenbronner Aktiv Medium,748
35,134,476,1,4,9,79,Dingslebener Mineralwasser,749
4,10,47,4,0,0,0,DMANi,750
195,148,2.047,29,230,23,16,Dreiser Sprudel Medium,752
195,148,2.047,29,230,23,16,Dreiser Sprudel Sprudel,753
27,78,474,7,224,186,157,Drusus (Natur Quelle),754
9,44,132,1,12,27,40,Duessel Aqua Leise (Haaner Felsenquelle),755
9,44,132,1,12,27,40,Duessel Aqua Still (Haaner Felsenqulle),756
17,112,356,1,7,27,29,Eichensteiner Classic,764
25,142,44,0,8,24,29,Eichensteiner Mineralwasser Spritzig,765
182,319,522,19,25,15,1.144,Eico Sport-Quelle,766
182,319,522,19,25,15,1.144,Eico Sprudel,767
52,87,566,13,56,27,52,Eifel Medium,768
52,87,566,13,56,27,52,Eifel Quelle,769
52,87,566,13,56,27,52,Eifel Sanft,770
194,138,3.268,37,748,46,0,Eifeltaler,771
194,138,3.268,37,748,46,0,Eifeltaler Medium,772
38,184,329,4,8,3,347,Eisvogel Classic,773
38,184,329,4,8,3,347,Eisvogel Medium,774
38,184,329,4,8,3,347,Eisvogel Naturell,775
38,184,329,4,8,3,347,Eisvogel Spritzig,776
38,184,329,4,8,3,347,Eisvogel Spritzig,777
35,135,354,4,7,3,200,Eiszeitquell Naturelle,778
35,135,354,4,7,3,200,Eiszeitquell Perlend,779
35,135,354,4,7,3,200,Eiszeitquell Sanft Perlend,780
28,97,431,0,15,12,13,Elisabethen Quelle Medium,783
28,97,431,0,15,12,13,Elisabethen Quelle Pur,784
28,97,431,0,15,12,13,Elisabethen Quelle Sanft,785
28,97,431,0,15,12,13,Elisabethen Quelle Spritzig,786
40,219,244,2,3,4,499,Elitess (Astoria Quelle ) Classic,788
6,54,142,1,6,14,43,Elitess (Baruth Quelle) Classic,789
4,55,189,0,4,3,0,Elitess (Baruth Quelle) Medium,790
4,55,189,0,4,3,0,Elitess (Baruth Quelle) Still,791
2,67,157,0,7,14,43,Elitess (Marinus Quelle ) Medium,792
2,67,157,0,7,14,43,Elitess (Marinus Quelle) Classic,793
2,67,157,0,7,14,43,Elitess (Marinus Quelle) Naturelle,794
120,294,370,0,43,39,940,Eltina Sport,795
7,29,166,7,139,192,2,Emsland Quelle Classic,797
8,30,166,8,139,192,3,Emsland Quelle Medium,798
21,81,470,7,156,164,28,Emstaler Brunnen,799
32,229,458,8,86,67,460,Engelbert Medium,800
32,229,458,8,86,67,460,Engelbert Naturell,801
32,229,458,7,86,67,460,Engelbert Natürliches Mineralwasser (Libu-Quelle),802
32,229,458,8,86,67,460,Engelbert Sprudel,803
124,528,403,0,29,29,1.463,Ensinger Classic,805
124,528,403,0,29,29,1.463,Ensinger Medium,806
124,528,403,6,28,28,1.463,Ensinger Mineralwasser,807
47,97,429,3,10,24,65,Ensinger Naturelle Sanft,808
47,97,429,3,10,24,65,Ensinger Naturelle Still,809
124,528,403,6,28,28,1.463,Ensinger Sport (Glas),810
124,528,403,7,29,29,1.463,Ensinger Sport Classic,811
124,528,403,6,28,28,1.463,Ensinger Sport Extra still (Glas),812
124,528,403,7,29,29,1.463,Ensinger Sport Medium (PET),813
124,528,403,7,29,29,1.463,Ensinger Sport Still,814
124,528,403,0,29,29,1.463,Ensinger Still,815
15,27,133,1,15,29,16,Euro-Quell classic,821
15,27,133,1,15,29,16,Euro-Quell medium,822
9,38,374,0,181,7,202,EuroPerl Classic,823
45,491,212,3,19,12,1.214,EuroPerl Classic (Laurentiusquelle),824
35,84,376,0,29,47,0,EuroPerl Quellwasser Classic,825
26,80,360,1,6,10,14,Evian,287
61,352,262,0,11,0,880,Extaler Mineralquell mit Kohlensäure,831
61,359,253,0,10,0,878,Extaler Mineralquell mit wenig Kohlensäure,832
34,59,317,0,7,11,28,Externstein Quelle Classic,833
34,59,317,0,7,11,28,Externstein Quelle Medium,834
34,59,317,0,7,11,28,Externstein Quelle Naturell,835
37,151,312,4,11,4,292,Fauna Classic (Quelle 29),841
38,135,340,4,8,3,230,Fauna Medium (Quelle29),842
38,135,340,4,8,3,230,Fauna Still (Quelle 29),843
1,3,351,7,182,64,0,Felsensteiner Classic,844
1,3,351,8,182,64,0,Felsensteiner Medium,845
39,545,395,3,16,21,1.150,Filippo Medium,852
39,545,395,3,16,21,1.150,Filippo Naturell,853
17,31,351,17,67,4,17,Finkbeiner Aqua Medium (Tafelwasser),854
17,31,351,17,67,4,17,Finkbeiner Aqua Spritzig (Tafelwasser),855
1,7,18,2,2,4,3,Finkenbach Quelle Classic,856
3,11,51,2,0,1,1,Finkenbach Quelle Medium,857
3,11,51,2,0,1,1,Finkenbach Tafelwasser,858
21,37,191,1,10,23,13,Fit Diamant Classic,860
5,47,165,0,13,17,9,Flensburger Wasser,861
27,75,365,2,17,0,0,Fonte Taviana,866
56,602,255,3,14,14,1.482,Forstetal 600 pure,872
56,602,255,3,14,14,1.482,Forstetal Quelle Classic (fizzy),873
56,602,255,3,14,14,1.482,Forstetal Quelle Medium,874
58,460,866,16,36,41,640,Förstina Medium,875
58,460,866,16,36,41,640,Förstina Sprudel Spritzig,877
47,428,746,17,27,34,644,Fortuna Quelle Medium,878
51,481,916,15,33,40,679,Fortuna Quelle Spritzig,879
69,285,374,5,36,80,650,Franken Brunnen Medium,4162
67,274,365,4,38,93,600,Franken Brunnen Naturell (Hochstein Quelle),881
57,132,512,3,17,13,153,Franken Brunnen Naturelle,4166
57,132,512,3,17,13,153,Franken Brunnen Sanft,4164
56,120,531,3,12,14,99,Franken Brunnen Sanft (Silvana Quelle),882
72,287,372,4,36,86,655,Franken Brunnen Spritzig,883
69,285,374,5,36,80,650,Franken Brunnen Spritzig,4160
67,274,365,4,38,93,600,Franken Brunnen Still,886
37,78,901,11,339,170,139,Frischequell Classic (Frische-Brise-Quelle),892
37,78,901,11,339,170,139,Frischequell Medium (Frische-Brise-Quelle),893
0,0,0,0,0,0,0,Frucade Tafelwasser,895
0,0,0,0,0,0,0,Frucade Tafelwasser,896
4,61,188,0,10,15,14,Fürst Bismarck Quelle m. Kohlensäure (PET),907
4,61,188,0,10,15,14,Fürst Bismarck Quelle mit wenig Kohlensäure,909
4,61,188,0,10,15,14,Fürst Bismarck Quelle ohne Kohlensäure,910
89,193,345,11,95,182,475,Gaensefurther Schlossquelle Classic,911
89,193,345,11,95,182,475,Gaensefurther Schlossquelle Medium,912
92,235,333,9,71,241,499,Gaensefurther Schlossquelle Naturell,913
71,426,390,5,0,11,1.065,Gemminger Mineralquelle Classic,918
77,426,370,5,0,13,940,Gemminger Mineralquelle Sport,919
70,426,390,5,40,10,1.065,Gemminger Mineralquelle Wenig,920
21,109,386,5,7,7,41,Germania Brunnen Classic,923
21,109,386,5,7,7,41,Germania Brunnen Naturell,924
46,222,385,6,17,18,435,Germeta Quelle Classic,925
42,209,380,6,17,19,442,Germeta Quelle Medium,926
42,209,380,6,17,19,442,Germeta Quelle Still,927
108,348,1.816,11,118,40,38,Gerolsteiner Feinperlig,4131
108,348,1.816,11,118,40,38,Gerolsteiner Medium,928
44,125,577,5,17,15,24,Gerolsteiner Naturell,929
108,348,1.816,11,118,40,38,Gerolsteiner Sprudel,932
9,106,243,0,12,28,94,Glashäger,942
10,106,243,0,12,29,94,Glashäger Medium,944
10,106,243,0,12,29,94,Glashäger Naturell,945
10,106,243,0,12,29,94,Glashäger Sanft,946
28,79,474,8,224,186,0,Globetrotter  (Natur-Quelle),947
39,230,163,8,8,0,591,Globus Classic,948
39,230,163,8,8,0,591,Globus Medium,949
38,230,163,7,8,0,591,Globus Natürliches Mineralwasser (Adello Quelle),950
57,294,2.080,0,410,0,69,Göppinger Classic,953
57,294,2.080,0,410,0,70,Göppinger Medium,954
20,86,302,1,5,18,27,Gracia Classic,956
20,86,288,1,5,20,32,Gracia Medium,957
84,476,959,5,294,250,1.005,Graf Metternich Classic,958
39,98,424,3,3,7,59,Graf Metternich Classic (Varus-Quelle),959
84,476,959,5,294,250,1.005,Graf Metternich Medium,960
39,98,424,3,3,7,59,Graf Metternich Medium (Varus-Quelle),961
84,476,959,5,294,250,1.005,Graf Metternich Naturell,962
39,98,424,3,3,7,59,Graf Metternich Naturell  (Varus-Quelle),963
11,107,456,2,22,15,1,Graf Rudolf Quelle fresh,964
11,107,456,2,22,15,1,Graf Rudolf Quelle mild,965
11,107,456,2,22,15,1,Graf Rudolf Quelle naturelle,966
32,234,240,2,54,83,493,Grafenquelle Classic,967
32,234,240,2,54,83,493,Grafenquelle Medium,968
32,234,240,2,54,83,493,Grafenquelle Naturell,969
40,43,287,6,4,2,47,Gräfin Mariannen Quelle,970
40,43,287,6,4,2,47,Gräfin Mariannen Quelle Feinperlend,971
0,0,0,0,140,0,0,Grals Burg Tafelwasser mild-sanft,972
0,0,0,0,140,0,0,Grals Burg Tafelwasser Spritzig,973
35,30,358,14,80,38,62,Granus Classic (Rheintal-Quelle),974
39,39,402,14,74,45,64,Granus Medium,975
17,30,480,8,238,121,119,Granus Sprudel (Lahnstein 1),976
62,285,1.504,0,200,9,175,Griesbacher Classic,981
62,285,1.504,0,200,9,175,Griesbacher Medium,982
62,285,1.504,0,200,9,175,Griesbacher Still,983
14,125,371,3,36,0,1,Grüneberg Quelle,984
14,105,325,0,18,29,57,Güstrower Schlossquell Classic,985
14,105,325,0,18,29,57,Güstrower Schlossquell Medium,986
14,105,325,0,18,29,57,Güstrower Schlossquell Naturelle,987
38,56,350,0,14,19,12,Gut &#038; Günstig (Bernhardus-Quelle) Classic,988
38,56,350,0,14,19,12,Gut &#038; Günstig (Bernhardus-Quelle) Classic,989
38,56,350,0,14,19,12,Gut &#038; Günstig (Bernhardus-Quelle) Medium,990
38,56,350,0,14,19,12,Gut &#038; Günstig (Bernhardus-Quelle) Medium,991
38,56,350,0,14,19,12,Gut &#038; Günstig (Bernhardus-Quelle) Still,992
38,56,350,0,14,19,12,Gut &#038; Günstig (Bernhardus-Quelle) Still,993
18,93,241,0,16,24,89,Gut &#038; Günstig (Graf Dodiko) Classic,994
5,56,188,0,4,5,0,Gut &#038; Günstig (Quelle Baruther Johannesbrunnen) Classic,995
5,56,188,0,4,5,0,Gut &#038; Günstig (Quelle Baruther Johannesbrunnen) Medium,996
5,58,190,0,4,6,0,Gut &#038; Günstig (Quelle Baruther Johannesbrunnen) Still,997
2,31,111,0,8,6,3,Gut &#038; Günstig (Quelle Fürstenbrunn) Classic,998
2,31,111,0,8,6,3,Gut &#038; Günstig (Quelle Fürstenbrunn) Medium,999
2,31,111,0,8,6,3,Gut &#038; Günstig (Quelle Fürstenbrunn) Still,1000
4,20,65,2,6,11,0,Gut &#038; Günstig (Urstromquelle) Classic,1001
4,20,65,2,6,11,0,Gut &#038; Günstig (Urstromquelle) Medium,1002
4,20,65,2,6,11,0,Gut &#038; Günstig (Urstromquelle) Still,1003
17,74,188,4,25,46,106,Haaner Felsenquelle Classic,1005
17,77,188,4,25,46,106,Haaner Felsenquelle Klassisch,1006
17,77,188,4,25,46,106,Haaner Felsenquelle Medium,1007
123,342,411,0,130,88,1.123,Haller Sportquelle Classic,1008
123,342,411,0,130,88,1.123,Haller Sportquelle Medium,1009
69,478,368,0,80,66,1.230,Haller Wildbadquelle Classic,1010
69,478,368,0,80,66,1.230,Haller Wildbadquelle Medium,1011
12,67,189,1,15,25,59,Harz Quell,1013
12,67,189,1,15,25,59,Harz Quell Medium,1014
19,96,256,1,12,29,75,Harz Quell Naturelle,1015
12,67,189,1,15,25,59,Harzer Bergbrunnen,1016
10,141,343,0,13,49,73,Harzer Grauhof mit Kohlensäure,1017
9,123,326,0,16,33,62,Harzer Grauhof Naturell,1018
10,141,343,0,13,49,73,Harzer Grauhof wenig Kohlensäure,1019
33,198,1.049,20,164,86,28,Hassia Leicht,1020
33,198,1.049,20,164,86,28,Hassia Sprudel,1021
20,109,391,5,6,7,42,Hassia Still,1023
0,36,142,0,8,7,9,Heerbach Classic,1026
0,36,142,0,8,7,9,Heerbach Medium,1027
0,36,142,0,8,7,9,Heerbach Naturelle,1028
4,9,294,5,94,4,1,Heinrich Franz Brunnen Naturell,1029
4,9,294,5,94,4,1,Heinrich Franz Brunnen Spritzig,1030
4,9,294,5,94,4,1,Heinrich Franz Brunnen Still,1031
2,62,155,0,7,14,39,Hella Classic,1032
2,62,155,0,7,14,39,Hella Medium,1033
119,549,384,4,14,11,1.530,Hépar,1040
10,103,497,3,41,12,1,Herzog Quelle Life,1041
3,41,203,3,30,12,4,Herzog Wigbert Quelle Medium,1042
3,86,179,0,16,39,0,Herzogin Augusta (Godehard Urquelle),1043
45,254,1.349,30,341,300,50,Hessenquelle Spritzig,1044
2,97,0,0,8,16,4,Hildon Wasser Medium,1049
2,97,0,0,8,16,4,Hildon Wasser Still,1051
34,232,1.429,13,270,39,102,Hirschquelle Vital,1054
20,33,169,1,13,32,22,Hochwald Sprudel,1055
94,479,402,10,188,145,1.420,Hohenloher Medium,1056
95,479,474,10,188,0,1.420,Hohenloher Sprudel,1057
34,229,883,1,12,3,5,Höllen Sprudel Classic,1058
34,217,863,1,13,2,4,Höllen Sprudel Medium,1059
34,229,883,1,13,3,5,Höllen Sprudel Sanft,1060
2,5,18,2,1,2,8,Hornberger Lebensquell medium,1061
2,5,18,2,1,2,8,Hornberger Lebensquell naturelle,1062
26,55,270,1,26,46,25,Hunsrück Medium,1063
3,82,205,0,15,35,28,Husumer Beden,1064
3,78,216,0,15,30,24,Husumer Classic,1065
0,0,0,0,0,0,0,Hutthurmer Quellwasser Spritzig,1066
0,0,0,0,0,0,0,Hutthurmer Quellwasser Still,1067
10,72,264,2,12,14,16,Ileburger Sachsenquelle Aktiv,1076
10,72,264,2,12,14,16,Ileburger Sachsenquelle Medium,1077
10,73,266,2,12,15,14,Ileburger Sachsenquelle Naturelle,1078
10,72,264,2,12,14,16,Ileburger Sachsenquelle Sanft,1079
43,581,502,1,23,38,1.175,Imnauer Apollo Classic,1080
44,581,502,2,23,39,1.175,Imnauer Apollo Medium,1081
64,462,945,9,29,57,600,Imnauer Fürstenquellen Classic,1082
64,462,945,9,29,57,600,Imnauer Fürstenquellen Medium,1083
65,462,945,9,30,57,600,Imnauer Fürstenquellen Stilles,1084
34,78,401,1,5,2,12,Isartaler Classic (Lidwinen-Quelle),1086
34,78,401,1,5,2,12,Isartaler Medium (Lidwinen-Quelle),1087
34,78,401,1,5,2,12,Isartaler Sanft (Lidwinen-Quelle),1088
7,66,225,3,71,93,0,Iskilde,1090
6,70,245,4,67,93,17,ja! (Cora-Quelle) Classic,1093
6,70,245,4,67,93,17,ja! (Cora-Quelle) Medium,1094
6,70,245,4,67,93,17,ja! (Cora-Quelle) Still,1095
2,8,109,1,93,77,43,ja! (Felsquelle) Still,1096
21,62,284,2,17,10,33,ja! (Gebirgsquelle) Classic,1097
13,51,227,2,17,10,14,ja! (Gebirgsquelle) Medium,1098
21,62,284,2,17,10,33,ja! (Gebirgsquelle) Still,1099
4,14,53,1,32,37,25,ja! (Harzer Bergbrunnen) Classic,1100
5,16,64,1,34,38,28,ja! (Harzer Bergbrunnen) Medium,1101
4,66,319,5,97,55,41,ja! (Teuto-Quelle) classic,1102
6,97,268,1,12,23,30,Jakobus (Quartus Quelle),1103
17,269,845,0,12,0,35,Jebenhauser Schlossquelle Classic,1106
17,269,845,0,12,0,35,Jebenhauser Schlossquelle Medium,1107
19,329,1.080,0,22,15,40,Jebenhauser Schlossquelle Sprudel,1108
37,96,403,1,2,6,52,Jesuiten Quelle Medium,1109
37,96,403,1,2,6,52,Jesuiten Quelle mit Kohlensäure,1110
37,96,403,1,2,6,52,Jesuiten Quelle ohne Kohlensäure,1111
5,57,186,1,4,6,14,Johannesbrunnen Medium,1112
5,57,186,1,4,6,14,Johannesbrunnen Naturell,1113
5,57,186,1,4,6,14,Johannesbrunnen Still,1114
86,248,1.122,0,103,74,189,Johanniter Klassisch,1115
34,80,316,6,7,21,59,Justus Brunnen Spritzig,1117
0,31,111,0,8,0,0,K Classic Fürstenbrunn Quelle Medium,1122
0,31,111,0,8,0,0,K Classic Fürstenbrunn Quelle Spritzig,1123
0,31,111,0,8,0,0,K Classic Fürstenbrunn Quelle Still,1124
20,132,160,3,15,53,237,K Classic Noé-Quelle Medium,1125
20,132,160,3,15,53,237,K Classic Noé-Quelle Spritzig,1126
18,97,415,2,20,4,14,K Classic Quintus Quelle Medium,1127
18,97,415,2,20,4,14,K Classic Quintus Quelle Spritzig,1128
18,97,415,2,20,5,14,K Classic Quintus Quelle Still,1129
45,351,1.353,20,241,334,48,K3 Medium (Aktivquelle),1130
45,351,1.353,20,241,334,48,K3 Sprudel (Aktivquelle),1131
73,497,1.900,33,484,736,0,Kaiser Friedrich Quelle,1132
23,118,297,10,8,41,121,Kastell Klassik,1135
23,118,297,10,8,41,121,Kastell Medium,1136
23,118,297,10,8,41,121,Kastell Naturelle,1137
29,62,473,4,83,45,22,Keltenquelle Classic,1139
29,62,473,4,83,45,22,Keltenquelle Medium,1140
18,38,216,2,32,33,18,Keltenquelle Naturelle,1141
0,36,425,0,103,0,0,Kissleger Krumbacher,1143
0,36,425,0,103,0,0,Kissleger Krumbacher Medium,1144
0,0,479,0,188,9,7,Kisslegger Sprudel,1145
0,0,479,0,188,9,7,Kisslegger Still,1146
122,365,469,17,6,12,1.020,Kloster St. Josef Extra still,1147
122,365,469,17,6,12,1.020,Kloster St. Josef Medium,1148
28,79,489,8,223,184,157,Klosterquelle Naturquelle Classic,1149
30,82,569,10,265,210,176,Klosterquelle Naturquelle Medium,1150
19,46,217,3,3,5,5,Kneipp Medium,1151
19,46,217,3,3,5,5,Kneipp Still,1152
32,57,244,3,10,44,27,Köllertaler Sprudel (Alexander-Quelle),1153
30,178,732,0,10,0,0,Kondrauer Medium,1154
30,178,732,0,10,0,0,Kondrauer Naturell,1155
30,178,732,0,10,0,0,Kondrauer Prickelnd,1156
30,178,732,0,10,0,0,Kondrauer Sanft,1157
10,7,58,4,14,16,22,König Otto-Sprudel Andante,1158
10,6,49,4,13,15,20,König Otto-Sprudel Andante,1159
10,7,58,4,14,16,22,König Otto-Sprudel Forte,1160
10,6,49,4,13,15,20,König Otto-Sprudel Forte,1161
9,6,60,4,13,15,20,König Otto-Sprudel Piano,1162
17,76,150,3,16,56,90,Kreuzwald Classic,1165
5,12,349,10,203,160,0,Kronen Quelle,1166
6,12,349,10,203,160,0,Kronen Quelle Medium,1167
6,14,349,10,203,160,0,Kronen Quelle Naturelle,1168
23,87,381,2,9,6,19,Krumbach Classic,1172
23,87,381,2,9,6,19,Krumbach Medium,1174
20,68,300,2,6,6,17,Krumbach Naturell Pur,1175
93,278,1.226,12,101,79,202,Kugelsburg Quelle Classic,1178
93,278,1.226,12,101,79,202,Kugelsburg Quelle Medium,1179
3,7,29,0,0,0,4,Kurpark Classic (Paulusquelle),1180
3,7,29,0,0,0,4,Kurpark Medium (Paulusquelle),1181
3,16,186,9,175,216,7,Küstengold Classic,1182
3,16,186,9,175,216,7,Küstengold Medium,1183
4,9,349,9,176,102,0,Labertaler Sebastiani Brunnen Spritzig,1186
4,9,349,9,176,102,0,Labertaler Sebastiani Brunnen Still,1187
34,72,394,2,6,1,7,Labertaler Stephanie Brunnen Classic,1188
34,72,394,2,6,1,7,Labertaler Stephanie Brunnen Medium,1189
34,72,394,2,6,1,7,Labertaler Stephanie Brunnen Naturell,1190
34,72,394,2,6,1,7,Labertaler Vollmondwasser,1191
32,229,458,7,86,67,460,Lago Classic (Libu-Quelle),1192
32,229,458,8,86,67,460,Lago Medium,1193
23,58,970,12,530,227,183,Lahnsteiner Classic,1194
17,31,480,8,238,121,119,Lahnsteiner Still,1195
59,497,627,8,61,58,966,Landliebenquelle,1196
4,61,168,2,5,22,10,Landpark Bio-Quelle Medium,1197
4,61,168,2,5,22,10,Landpark Bio-Quelle Naturell,1198
45,491,212,0,19,12,1.214,Laurentius Classic,1201
45,491,212,0,19,12,1.214,Laurentius Medium,1202
0,1,4,0,0,0,1,Lauretana Mild,1204
0,1,5,0,1,0,1,Lauretana Ohne,1205
3,22,53,1,5,11,19,Lausitzer Mineralwasser,1206
3,22,53,1,5,11,19,Lausitzer Naturelle,1207
24,94,391,3,7,7,26,Leisslinger Classic,1211
24,94,391,3,7,7,26,Leisslinger Medium,1212
24,94,391,3,7,7,26,Leisslinger Naturelle,1213
1,2,351,5,187,64,21,Leonie Classic (Aquintus Quelle),1214
1,2,351,5,187,63,21,Leonie Medium (Aquintus Quelle),1215
6,76,207,3,23,42,38,Lesoma Medium (Kranichquelle),1216
6,76,207,3,23,42,38,Lesoma Mineralwasser (Kranichquelle),1217
12,68,153,2,13,23,89,Lichtenauer Mineralwasser Medium,1224
12,68,153,1,13,23,89,Lichtenauer Mineralwasser Pur,1225
12,68,153,1,13,23,89,Lichtenauer Mineralwasser Sanft,1226
12,68,153,1,13,23,89,Lichtenauer Mineralwasser Spritzig,1227
28,97,423,2,9,15,0,Lichtquelle Still (St. Leonhard),1228
9,130,400,1,10,14,33,Lieler Schloßbrunnen CLassic (Glas),1229
10,135,395,1,7,9,50,Lieler Schloßbrunnen Vital (Glas),1230
9,120,403,1,8,11,33,Lieler Schloßbrunnen Vital (PET),1231
5,103,315,1,8,12,5,Lilas Pierval,1232
7,37,307,17,290,325,48,Lioba Classic,1235
7,37,307,17,290,325,48,Lioba Medium,1236
0,0,0,0,0,0,0,liz,1238
33,98,388,0,13,28,55,Liz Natürliches Mineralwasser mit Kohlensäure,1239
33,98,388,0,13,28,55,Liz Natürliches Mineralwasser ohne Kohlensäure,1240
27,211,468,6,69,75,305,Lohberg Medium,1242
30,230,482,3,61,52,377,Lohberg Natürliches Mineralwasser,1243
27,211,468,6,69,75,305,Lohberg Stille Quelle,1244
11,105,497,0,40,0,0,Loona Feinperlig,1250
11,105,497,0,40,0,0,Loona Naturelle,1251
79,680,1.175,6,28,38,1.040,Löwensprudel,1252
80,510,339,8,42,40,1.350,Löwensteiner Classic,1253
80,510,339,8,42,40,1.350,Löwensteiner Naturelle,1254
89,541,315,8,42,40,1.432,Löwensteiner Sport Medium,1255
80,510,339,8,42,40,1.350,Löwensteiner Stille Quelle,1256
44,347,1.336,20,240,319,45,Luisen Aktivquelle,1258
30,83,217,0,126,301,29,Magdalenen Brunnen Medium,1260
30,83,217,0,126,301,29,Magdalenen Brunnen Spritzig,1261
4,68,138,1,10,30,32,Magnus Classic,1264
6,110,240,1,19,42,73,Magnus Medium,1265
6,110,240,1,19,42,73,Magnus Still,1266
100,250,0,0,200,0,0,Maquallis Tafelwasser Classic,1274
100,250,0,0,200,0,0,Maquallis Tafelwasser Medium,1275
12,71,204,2,20,27,65,Margon Classic,1277
12,71,204,2,20,27,65,Margon Medium,1278
12,71,204,2,20,27,65,Margon Stille,1279
89,516,326,9,62,43,1.390,Marius Quelle Classic (Marius Quelle Sachsenheim),1280
92,541,306,9,77,48,1.520,Marius Quelle Medium (Marius Quelle Sachsenheim),1281
16,172,667,0,48,5,54,Markgrafen Mineralwasser Classic (Bonalwa-Quelle),1282
16,172,667,0,48,5,54,Markgrafen Mineralwasser Medium (Bonalwa-Quelle),1283
93,557,354,8,47,30,1.490,Markgrafen Quelle Sachsenheim,1284
93,557,348,8,47,30,1.490,Markgrafen Quelle Sachsenheim Classic,1285
93,557,348,8,47,30,1.490,Markgrafen Quelle Sachsenheim Medium,1286
12,121,338,3,38,0,0,Märkisch Kristall Classic (Glas),1287
12,121,338,3,38,0,0,Märkisch Kristall Classic (PET),1288
50,130,900,20,480,400,280,Markus Brunnen Classic,1290
50,130,900,20,480,400,280,Markus Brunnen Medium,1291
18,124,423,0,24,0,0,Mecklenburger Quelle Klassik,1295
1,3,351,7,182,64,0,Mercator Quelle Classic (Felstensteiner Quelle),1296
1,3,351,7,182,64,0,Mercator Quelle Medium  (Felstensteiner Quelle),1297
77,439,292,6,23,10,1.140,Merkur Mineralwasser Classic,1298
77,439,292,6,23,10,1.140,Merkur Mineralwasser Medium,1299
3,41,203,3,30,12,4,Mineau Classic (Gräfin-Katharina-Quelle),1304
52,142,408,3,170,116,418,Mineau Classic (Huddaeus-Quelle),1305
6,85,161,2,26,54,89,Mineau Medium (Gräfin-Katharina-Quelle),1306
52,142,408,3,170,116,418,Mineau Medium (Huddaeus-Quelle),1307
3,41,203,3,30,12,4,Mineau Naturelle (Gräfin-Katharina-Quelle in Wöpse),1308
52,142,408,3,170,116,418,Mineau Naturelle (Huddaeus-Quelle),1309
8,72,238,1,3,0,0,Mineralwasser (Source de Ciseau) Classic,1310
8,72,238,1,3,4,0,Mineralwasser (Source de Ciseau) Medium,1311
8,72,238,1,3,4,0,Mineralwasser (Source de Ciseau) Still,1312
52,79,1.616,18,968,510,404,Minerva,1313
52,79,1.616,18,968,510,404,Minerva Stilles,1314
31,98,431,2,8,15,0,Mondquelle (St. Leonhard),1318
30,98,424,2,10,15,13,Mondquelle Vollmondabfüllung (St. Leonhard),1319
21,40,263,1,15,1,10,Mozartquelle Allegro,1332
21,40,0,1,15,1,10,Mozartquelle Fortissimo,1333
21,40,263,1,15,1,10,Mozartquelle Silencio,1334
60,330,901,13,86,71,431,Mühringer Schlossquelle Classic,1335
59,371,935,14,93,71,496,Mühringer Schlossquelle Classic,1336
60,330,901,14,87,71,431,Mühringer Schlossquelle Medium,1337
21,81,470,7,156,164,28,Nassauer Land (Emstaler Brunnen),1342
5,13,67,3,6,8,0,Naturalis Classic,1346
5,13,67,2,6,8,0,Naturalis Medium,1347
26,95,359,0,41,23,112,Naturalis Naturell,1348
26,95,359,0,41,23,112,Naturalis Still,1349
39,560,189,0,18,8,1.410,Naturparkquelle Medium,1353
47,409,211,0,18,10,1.025,Naturparkquelle spritzig,1354
29,108,463,0,38,52,0,Nestle Aquarel (Birken Quelle) Classic,1357
23,106,423,0,19,32,0,Nestle Aquarel (Birken Quelle) Naturell,1358
22,115,507,0,82,83,0,Nestle Pure Life (Eschen-Quelle),1359
39,44,341,10,56,60,61,Nettetaler Classic,1363
39,44,341,10,56,60,61,Nettetaler Medium,1364
81,128,1.670,32,382,42,107,Nettetaler Sprudel,1365
81,128,1.670,32,382,42,107,Nettetaler Stille Quelle,1366
26,39,277,1,15,0,9,Niederrieder Medium,1369
26,39,277,1,15,0,9,Niederrieder Sanft,1370
26,39,277,1,15,0,9,Niederrieder Spritzig,1371
40,17,354,11,40,8,16,NOQ Neue Otte Quelle Classic,1373
40,17,354,11,40,8,16,NOQ Neue Otte Quelle Medium,1374
4,60,192,1,14,20,15,NordQuell mit Kohlensäure,1375
3,78,204,0,22,25,51,NordQuell mit wenig Kohlensäure,1376
4,79,204,0,22,26,51,NordQuell Naturell,1377
278,185,2.791,41,314,14,18,Nürburg Quelle Aqua Noblesse,1381
241,168,2.451,37,261,14,17,Nürburg Quelle Classic,1383
241,168,2.451,37,261,14,17,Nürburg Quelle Medium,1384
8,37,47,0,12,0,92,Oberlausitzer Medium,1386
80,667,1.160,0,27,37,1.010,Obernauer Löwen-Sprudel,1387
80,667,1.160,0,27,37,1.010,Obernauer Löwen-Sprudel Säuerling,1388
79,680,1.175,6,28,38,1.040,Obernauer Medium,1389
79,680,1.175,6,28,38,1.040,Obernauer Stilles,1390
80,667,1.160,0,27,37,1.010,Obernauer Vital,1391
18,66,448,7,178,174,28,Oberselters Catharinen Quelle Spritzig,1392
18,66,448,7,178,174,28,Oberselters Catharinen Quelle Still,1393
40,100,990,20,620,660,30,Oberselters Original Spritzig,1394
40,100,990,20,620,660,30,Oberselters Original Still,1395
23,141,476,0,14,26,61,Odenwald-Quelle Classic,1396
23,141,476,0,14,26,61,Odenwald-Quelle Medium,1397
23,141,476,0,14,26,61,Odenwald-Quelle Naturelle,1398
19,175,317,21,375,763,31,Odenwald-Quelle Traditionell,1399
18,95,256,1,12,28,75,Okertaler Classic,1404
18,95,256,1,12,28,75,Okertaler Medium,1405
6,30,46,2,10,0,71,Oppacher Mineralquelle Classic,1408
6,30,46,2,10,0,71,Oppacher Mineralquelle Medium,1409
6,30,46,2,10,0,71,Oppacher Mineralquelle Naturelle,1410
14,87,542,11,124,53,42,Orion Medium,1416
14,87,542,11,124,53,42,Orion Spritzig,1417
57,113,1.321,13,852,575,468,Perling Mineralwasser,1436
57,113,1.321,13,852,575,468,Perling Mineralwasser wenig Kohlensäure,1437
36,174,350,2,14,23,270,Perlquell Classic,1438
36,174,350,2,14,23,270,Perlquell Medium,1439
18,82,531,10,124,14,98,Peterstaler Classic,1444
20,100,500,10,120,10,100,Peterstaler Medium,1445
18,33,369,15,68,3,17,Pia Classic,1446
18,33,369,15,68,3,17,Pia Medium,1447
18,33,369,15,68,3,17,Pia Naturell,1448
6,10,43,1,3,4,9,Pirin Quellwasser,1452
38,76,414,1,6,1,8,Pöllinger Elisabethen Quelle Natural,1462
38,76,414,1,6,1,8,Pöllinger Elisabethen Quelle Spritzig,1463
38,76,414,1,6,1,8,Pöllinger Still,1464
15,155,615,5,49,9,46,Prinzen Perle Classic,1468
15,155,615,5,49,9,46,Prinzen Perle Medium,1469
39,230,163,7,8,3,591,Prinzessin von Preussen Quelle Klassisch,1470
26,42,250,0,8,5,0,Pur Born Medium,1472
26,42,250,8,8,5,0,Pur Born Naturell,1473
6,52,184,7,1,3,21,Pyraser Naturell,1478
6,52,184,7,1,3,21,Pyraser Sanft,1479
6,52,184,7,1,3,21,Pyraser Spritzig,1480
7,53,180,6,2,4,21,Pyraser Waldquelle Naturell,1481
7,53,180,6,2,4,21,Pyraser Waldquelle Sanft,1482
7,53,180,6,2,4,21,Pyraser Waldquelle Sprudel,1483
10,73,309,0,85,70,63,Q 4 Mineral Quelle Classic,1484
9,73,309,0,84,70,63,Q 4 Mineral Quelle Medium,1485
3,85,216,0,18,43,0,Q2 Classic,1486
3,77,212,1,17,34,0,Q2 Medium,1487
3,77,212,1,17,34,0,Q2 Naturell,1488
6,60,204,0,4,5,0,Quellbrunn (Brandenburger Urstromquelle) Classic,1489
6,60,204,0,4,5,0,Quellbrunn (Brandenburger Urstromquelle) Medium,1490
6,60,204,0,4,5,0,Quellbrunn (Brandenburger Urstromquelle) Naturell,1491
41,44,350,9,66,59,66,Quelle Acht,1492
39,44,341,11,56,60,61,Quelle Acht Brohl-Lützing,1493
39,136,347,11,56,60,61,Quelle Acht Brohl-Lützing Medium,1494
29,136,347,19,68,73,243,Quelle Acht Roisdorf,1495
29,136,347,19,68,73,243,Quelle Acht Roisdorf Medium,1496
80,613,1.113,0,26,34,914,Quelle Pur Rottenburg Obernau (Löwensprudel),1498
80,613,1.113,0,26,0,914,Quelle Pur Rottenburg Obernau (Löwensprudel) Medium,1499
26,90,406,2,6,12,0,Quelle St. Leonhard Medium,1500
80,613,1.113,0,23,34,914,QuellQ pur Klassik,1501
80,613,1.113,0,26,34,914,QuellQ pur Medium,1502
82,180,2.100,75,480,58,97,Radenska,1505
95,220,2.000,70,400,44,72,Radenska Classic,1507
8,24,361,14,221,197,24,Raffelberger,1513
8,24,361,14,221,197,24,Raffelberger Medium,1514
31,86,371,0,9,7,36,Randegger Ottilienquelle Classic,1515
31,86,371,0,9,7,36,Randegger Ottilienquelle Leicht,1516
31,86,371,0,9,7,36,Randegger Ottilienquelle Naturelle,1517
1,1,12,0,2,3,4,"real,- Quality (Bergquelle) classic",1518
1,1,12,0,2,3,4,"real,- Quality (Bergquelle) medium",1519
75,206,348,9,79,165,429,"real,- Quality (Felsenquelle) Classic",1520
75,206,348,9,79,165,429,"real,- Quality (Feslsenquelle) Medium",1521
77,439,292,6,23,10,1.140,"real,- Quality (Wiesenquelle) Classic",1522
77,439,292,6,23,10,1.140,"real,- Quality (Wiesenquelle) Medium",1523
77,439,292,6,23,10,1.140,"real,- Quality (Wiesenquelle) Still",1524
15,108,291,2,8,0,92,Regensteiner Medium,1525
15,108,291,2,8,0,92,Regensteiner Naturelle,1526
15,108,291,2,8,0,92,Regensteiner Spritzig,1527
6,87,216,0,12,0,10,Reinbeker Kloster Quelle (Spritzig),1528
1,3,350,7,186,68,20,Reinsteiner Classic,1529
1,3,350,7,186,68,20,Reinsteiner Medium,1530
26,37,280,1,16,0,9,REMUS PUR,1531
25,80,188,0,10,12,150,Rennsteig Medium,1532
25,80,188,0,9,12,150,Rennsteig Pur,1533
25,80,188,0,9,12,150,Rennsteig Sprudel,1534
74,567,408,6,88,170,1.280,Residenz Quelle Classic,1536
74,567,408,6,88,170,1.280,Residenz Quelle Medium,1537
74,567,408,6,88,170,1.280,Residenz Quelle Mild,1538
74,567,408,6,88,170,1.280,Residenz Quelle Naturelle,1539
1,2,320,5,240,124,0,Rheinfels Quelle Klassik,1541
1,2,320,5,240,124,0,Rheinfels Quelle Medium,1542
1,2,320,5,240,124,0,Rheinfels Quelle Naturelle,1543
1,2,381,5,264,148,29,Rheinfels Urquelle,1545
7,64,250,1,7,5,0,Rheinsberger Preussenquelle,1546
21,115,420,4,58,60,68,Rhenser Classic,1547
21,115,420,4,58,60,68,Rhenser Medium,1548
21,115,420,4,58,60,68,Rhenser Naturelle,1549
151,143,1.562,33,137,22,37,Rhodius Classic,1550
151,143,1.562,33,137,22,37,Rhodius Medium,1551
151,143,1.562,33,137,22,37,Rhodius Naturelle,1552
21,42,226,11,3,4,18,Rhönsprudel Medium,1553
21,42,226,11,3,4,18,Rhönsprudel Naturell,1555
21,42,226,11,3,4,18,Rhönsprudel Original,1557
21,42,222,10,3,3,23,Rhönsprudel Sanft,1558
24,93,409,2,4,6,13,Rieser Urwasser still,1559
66,281,401,4,12,8,624,Rietenauer mit Kohlensäure (Dillenius-Quelle),1560
83,541,370,6,17,13,1.371,Rietenauer Naturell,1561
78,533,373,5,15,11,1.310,Rietenauer wenig Kohlensäure (Dilienius-Quelle),1562
58,115,271,8,187,332,237,Rilchinger Feinperlend,1563
1.030,380,7.700,13,1.500,59,2.400,Rogaska,1566
77,654,375,0,11,23,1.562,Rohrauer Halbstill (Friedrichsquelle),1568
77,654,375,0,11,0,1.562,Rohrauer Medium (Friedrichsquelle),1569
77,654,375,4,11,0,1.562,Rohrauer Sprudel (Friedrichsquelle),1570
77,654,375,0,11,0,1.562,Rohrauer Still (Friedrichsquelle),1571
89,115,1.750,38,1.240,1.130,381,Roisdorfer Original,1572
25,136,554,7,18,19,14,Romanis Medium,1573
25,136,554,7,18,19,14,Romanis Spritzig,1574
16,96,526,5,151,85,109,Romberg Quelle Classic,1575
16,60,526,5,151,85,109,Romberg Quelle Medium,1576
1,14,406,5,274,147,28,Römerwall Classic,1583
1,14,406,5,274,147,28,Römerwall Medium,1584
101,224,1.225,4,89,142,9,Rosbacher Klassisch,1586
101,224,1.225,4,89,142,9,Rosbacher Medium,1587
73,158,815,3,65,109,12,Rosbacher Naturell,1588
21,40,198,1,9,22,8,Rossmann Genuss Plus Euro Eau Classic,4182
21,40,198,1,9,22,8,Rossmann Genuss Plus Euro Eau Medium,4184
21,40,198,1,9,22,8,Rossmann Genuss Plus Euro Eau Still,4186
4,66,325,5,92,52,38,Rossmann Genuss Plus Teuto-Quelle classic,4175
4,66,325,5,92,52,38,Rossmann Genuss Plus Teuto-Quelle Medium,4178
4,66,325,5,92,52,38,Rossmann Genuss Plus Teuto-Quelle Still,4180
10,29,110,3,4,12,17,Rudolf-Quelle,1596
5,39,125,1,9,20,7,Sailaufer Mineralwasser Classic,1599
5,39,125,1,9,20,7,Sailaufer Mineralwasser Medium,1600
4,76,162,1,20,50,40,Salvus Classic,1604
4,76,162,1,20,50,40,Salvus Medium,1605
4,76,162,1,20,50,40,Salvus Naturell,1606
30,51,296,1,6,3,4,San Benedetto prickelnd,1612
30,51,296,1,6,3,4,San Benedetto still,1613
49,164,243,0,31,49,403,San Pellegrino,285
4,19,160,6,78,79,2,Sankt Ansgari Classic,1623
4,19,160,6,78,79,2,Sankt Ansgari Medium,1624
4,19,160,6,78,79,2,Sankt Ansgari Naturelle,1625
14,71,188,1,16,30,66,Sankt Conrad Classic,1626
20,48,152,3,35,78,53,Sankt Conrad Medium,1627
6,110,240,1,19,42,73,Sanos Classic,1628
6,110,240,1,19,42,73,Sanos Medium,1629
6,40,194,0,20,8,0,Saskia Quelle Jessen Classic,1641
6,40,194,0,20,8,0,Saskia Quelle Jessen Medium,1642
0,3,19,2,1,1,1,Saskia Quelle Kirkel Still,1643
21,97,378,0,15,0,0,Saskia Quelle Leissling Classic,1644
21,97,378,0,15,0,0,Saskia Quelle Leissling Medium,1645
21,97,378,0,15,0,0,Saskia Quelle Leissling Still,1646
15,87,351,0,10,0,0,Saskia Quelle Löningen Classic,1647
2,28,0,0,13,33,40,Saskia Quelle Löningen Medium,1648
15,87,351,0,10,0,0,Saskia Quelle Wörth am Rhein,1649
6,40,194,0,20,8,0,Saskia Still Jessen Quelle,1650
4,76,170,1,22,52,52,Sawell Classic,1651
4,76,170,1,22,52,52,Sawell Medium,1652
4,76,170,1,22,52,52,Sawell Naturell,1653
30,98,310,19,15,41,109,Schloss Quelle Classic,1654
23,125,289,9,12,43,153,Schloss Quelle Feine Perle,1655
30,98,310,19,15,41,109,Schloss Quelle Medium,1656
30,98,310,19,15,41,109,Schloss Quelle Naturelle,1657
23,125,289,9,12,43,153,Schloss Quelle Stiller Brunnen,1658
24,101,395,0,63,49,100,Schlossblick Medium,1659
21,187,337,1,11,60,194,Schönborn Quelle Medium,1660
38,135,340,4,8,3,230,Schönrain Medium (Quelle 29),1661
38,135,340,4,8,3,230,Schönrain Spritzig (Quelle 29),1662
76,440,386,0,9,15,1.040,Schurwald Mineralwasser Medium,1663
76,440,386,0,9,15,1.040,Schurwald Mineralwasser Still,1664
39,365,1.330,0,52,0,51,Schwaben Quelle Classic,1665
39,365,1.330,0,52,0,51,Schwaben Quelle Medium,1666
28,164,633,2,20,12,30,Schwalbacher Quelle,1667
49,158,698,2,17,11,45,Schwalbacher Quelle Sanfte Quelle,1668
48,158,698,2,16,10,44,Schwalbacher Quelle Stille Quelle,1669
13,164,483,0,81,10,201,Schwarzwald Sprudel Classic,1670
13,164,483,0,81,10,201,Schwarzwald Sprudel Medium,1671
13,164,483,0,81,10,201,Schwarzwald Sprudel Naturell,1672
3,13,254,0,147,0,149,Schwarzwaldquelle Classic,1673
3,13,254,0,147,0,149,Schwarzwaldquelle Medium,1674
27,53,308,2,57,66,17,Schwollener Classic,1675
27,53,308,2,57,66,17,Schwollener Medium,1676
29,44,223,1,31,69,16,Schwollener Naturell,1677
40,110,810,10,280,270,20,Selters,286
40,110,810,10,280,270,20,Selters leicht,1682
21,78,298,1,6,10,28,Selters Naturell,1683
19,90,488,6,178,112,122,Seltina,1684
19,90,488,7,178,112,122,Seltina Classic,1685
19,90,488,7,178,112,122,Seltina Medium,1686
24,81,335,1,10,16,33,Severin Quelle,1688
24,81,335,1,9,16,33,Severin Quelle Spritzig,1689
24,81,335,1,9,16,33,Severin Quelle Still,1690
13,51,227,2,17,10,14,Share Mineralwasser Glasflasche,4200
21,40,274,1,18,1,8,Share mit Kohlensäure,1691
21,40,274,1,18,1,8,Share ohne Kohlensäure,1692
21,79,329,1,5,3,18,Siebers Quelle sanft&#038;mild,1693
21,79,329,1,5,3,18,Siebers Quelle Still,1694
24,92,381,0,9,16,0,Siegsdorfer Petrusquelle Classic,1695
24,104,417,1,15,23,8,Siegsdorfer Petrusquelle Medium,1696
24,104,417,1,15,23,8,Siegsdorfer Petrusquelle Naturell,1697
24,104,417,1,15,23,8,Siegsdorfer Petrusquelle Spritzig,1698
41,214,325,4,7,3,423,Silberbrunnen Medium,1702
41,214,325,4,7,3,423,Silberbrunnen spritzig,1703
41,214,325,4,8,3,423,Silberbrunnen Still,1704
24,69,335,1,6,3,7,Silenca Quelle Classic,1708
24,69,335,1,6,3,7,Silenca Quelle Extra Still,1709
24,69,335,1,6,3,7,Silenca Quelle Medium,1710
3,47,182,2,19,10,8,Silent naturell (St. Cyriakus Quelle),1711
70,80,860,10,160,70,40,Sinziger Classic,1712
70,80,860,10,160,70,40,Sinziger Medium,1713
70,80,860,10,160,70,40,Sinziger Naturelle,1714
25,75,251,0,45,120,20,Sodenthaler Andreas Quelle Classic,1718
25,75,251,0,45,120,20,Sodenthaler Andreas Quelle Natur,1719
25,75,251,0,45,120,20,Sodenthaler Andreas Quelle Still,1720
56,218,235,7,173,0,31,Sodenthaler Mineral-Quelle Classic,1721
0,2,0,0,110,170,3,Sonic Aqua Tafelwasser,1726
0,0,0,0,0,0,0,Sonnenland Spritzig,1727
0,0,0,0,0,0,0,Sonnenland Tafelwasser,1728
31,100,432,2,9,17,0,Sonnenquelle Still (St. Leonhard),1729
3,54,142,1,8,19,22,Sophie Charlotte Naturell (St. Georg Quelle),1730
31,58,277,3,11,25,34,Spessart-Quelle Blau,1741
28,57,273,3,12,25,33,Spessart-Quelle Medium,1742
31,58,277,3,11,25,34,Spessart-Quelle Rot,1743
28,57,273,3,12,25,33,Spessart-Quelle Spritzig,1744
3,18,0,1,6,6,69,Spreequell Classic,1747
3,18,0,1,6,6,69,Spreequell Medium,1748
3,18,0,1,6,6,69,Spreequell Naturell,1749
23,58,970,12,503,227,183,St. Burghardt Classic,1751
20,97,397,0,10,0,0,St. Georg Still Quelle (St. Leonhard),1752
3,79,175,0,16,38,0,St. Godehard,1753
26,90,406,1,6,12,7,St. Leonhard Still,1754
0,0,0,0,15,0,0,St. Leonhards Jod Natur,1755
26,90,406,2,6,12,7,St. Leonhards Quelle Medium,1756
34,78,401,1,4,1,11,St. Matthias Quelle Classic,1757
6,97,268,0,12,23,30,St. Michaelis Classic,1758
6,97,268,0,12,23,30,St. Michaelis Naturell,1759
42,102,502,2,25,25,12,St. Nikolaus Quelle Feinperlig,1760
50,117,615,2,19,21,12,St. Nikolaus Quelle Medium,1761
59,99,1.846,0,564,139,39,Staatl. Fachingen Medium,1763
29,78,436,0,27,0,0,Staatl. Fachingen Naturell,1764
59,99,1.846,16,564,139,39,Staatl. Fachingen Still,1765
109,561,986,101,924,748,2.218,Staufer Quelle Medium,1766
109,561,986,101,924,748,2.218,Staufer Quelle Spritzig,1767
56,100,471,5,11,13,39,Stegbach Quelle naturell,1768
56,100,471,5,11,13,39,Stegbach Quelle sanft,1769
27,55,270,2,27,46,25,Steinau Quelle Classic,1770
26,55,270,1,26,46,25,Steinau Quelle Medium,1771
40,630,240,2,20,130,1.360,Steinsieker Classic,1773
40,630,340,2,20,130,1.360,Steinsieker Medium,1774
40,630,240,2,20,130,1.360,Steinsieker Naturell,1775
50,620,250,2,20,110,1.370,Steinsieker Stille Quelle,1776
11,69,275,1,20,11,21,Steirer Quell,1777
75,193,1.074,9,232,283,20,Stelonia (Lahnfels Quelle),1779
11,105,487,3,37,14,2,Stemberga Classic,1780
11,105,487,3,37,14,2,Stemberga Medium,1781
7,73,192,3,17,37,47,Stemweder Berg Quell Medium,1782
7,73,192,3,17,37,47,Sterntaler (Stemweder),1783
3,52,160,2,4,9,6,Stiftsquelle Classic,1784
3,52,160,2,4,9,6,Stiftsquelle Medium,1785
3,52,160,2,4,9,6,Stiftsquelle Naturelle,1786
14,59,259,0,0,1,0,Stolzenbacher Gebirgswasser,1787
12,51,211,0,0,1,0,Stolzenbacher Gebirgswasser Still,1788
0,153,317,0,25,0,133,Stralsunder,1789
30,51,296,1,6,3,4,Sun Benedetto,1790
14,130,389,0,34,32,103,Syburg Classic,1794
14,130,389,0,34,32,103,Syburg Medium,1795
4,76,170,1,22,52,52,Tauperle Classic,1797
27,96,567,0,74,16,26,Teinacher Classic,1798
27,96,567,0,74,16,26,Teinacher Medium,1800
27,96,567,0,73,16,26,Teinacher Naturell,1801
21,109,386,5,7,7,41,Terra Medium,1805
21,109,386,5,7,7,41,Terra Spritzig,1806
92,537,357,7,53,27,1.462,Teusser Classic,1807
92,537,357,7,53,27,1.462,Teusser Medium,1808
82,565,350,8,53,27,1.450,Teusser Naturell,1809
82,565,350,8,53,27,1.450,Teusser Sprudel,1810
82,565,350,8,53,27,1.450,Teusser Still,1811
17,26,172,2,8,6,8,Thalquell Medium,1812
22,42,0,1,8,0,17,Thannhäusener Mineralquelle (Medium),1813
7,64,0,1,7,5,0,Theodor (Rheinsberger Preussenquelle) Classic,1814
7,64,0,1,7,4,0,Theodor (Rheinsberger Preussenquelle) Medium,1815
45,84,276,0,22,33,170,Thüringer Waldquell Classic,1817
45,84,276,0,22,33,170,Thüringer Waldquell Medium,1818
54,84,276,0,0,33,170,Thüringer Waldquell Pur,1819
54,84,276,0,0,33,170,Thüringer Waldquell Sanft,1820
73,313,294,0,19,14,850,Tiefenherster Bergwaldquelle Classic,1821
73,313,294,0,19,14,850,tiefenherster Bergwaldquelle Medium,1822
8,14,74,0,2,4,8,Tip Natürliches Mineralwasser (Erbeskopf-Quelle) Classic,1823
8,14,74,0,2,4,8,Tip Natürliches Mineralwasser (Erbeskopf-Quelle) Medium,1824
8,14,74,0,2,4,8,Tip Natürliches Mineralwasser (Erbeskopf-Quelle) Naturell,1825
51,388,306,4,19,17,920,Tip Natürliches Mineralwasser (Tiefenfels Quelle) Classic,1826
51,388,306,4,19,17,920,Tip Natürliches Mineralwasser (Tiefenfels Quelle) Medium,1827
51,388,306,4,19,17,920,Tip Natürliches Mineralwasser (Tiefenfels Quelle) Still,1828
82,195,329,8,44,140,454,Tip Natürliches Mineralwasser (Waldquelle) Classic,1829
82,195,329,8,44,140,454,Tip Natürliches Mineralwasser (Waldquelle) Medium,1830
82,195,329,8,44,140,454,Tip Natürliches Mineralwasser (Waldquelle) Still,1831
129,170,1.367,17,109,32,29,Tönissteiner Classic,1835
129,170,1.367,17,109,32,29,Tönissteiner Medium,1836
129,170,1.367,17,109,32,29,Tönissteiner Mild,1837
52,87,566,13,57,27,52,Tönissteiner Naturelle,1839
15,35,176,0,2,5,9,Top frisch Spritzig,1840
9,84,325,12,179,246,44,Top Quell Classic,1841
9,84,325,12,179,246,44,Top Quell Medium,1842
1,9,223,2,89,11,0,Trarbacher Felsen-Quelle,1843
19,170,523,0,18,25,0,Überkinger Classic,1847
19,170,523,0,18,25,0,Überkinger Medium,1850
19,170,523,0,18,25,0,Überkinger Naturell,1851
34,98,570,11,179,208,30,Ulmtaler Klosterquelle,1854
84,558,351,8,151,126,1.556,Ulrichquelle Medium,1855
81,387,389,0,13,20,910,Urbacher Classic,1858
81,387,389,0,13,20,910,Urbacher Medium,1859
77,449,389,5,9,15,1.070,Urbacher Naturelle,1860
81,387,389,0,13,20,910,Urbacher Still,1861
12,32,308,16,190,204,36,Ursteiner,1862
5,57,182,0,4,7,0,Urstromtaler Classic,1863
5,57,182,0,4,7,0,Urstromtaler Medium,1864
5,57,182,0,4,7,0,Urstromtaler Naturell,1865
67,480,311,3,10,4,1.190,Velleminfroy Mineralwasser,1876
27,107,348,20,119,45,295,Vest Quell classic,1881
10,103,2.989,66,1.172,235,138,Vichy Célestins,1884
41,72,1.629,19,835,388,313,Victoria Natürliches Mineralwasser,1885
50,90,1.720,20,880,420,360,Victoria Stilles Wasser,1886
4,47,175,2,16,12,10,Vilsa Classic,288
4,49,169,2,49,18,16,Vilsa leichtperlig,1896
4,47,175,2,16,12,10,Vilsa Medium,1897
4,47,175,2,16,12,10,Vilsa Naturell,1898
37,148,416,2,56,53,216,Vinsebecker Quelle,1900
37,148,416,2,56,53,216,Vinsebecker Sprudel,1901
5,51,152,0,15,20,19,Vio Medium (Lüner Quelle),1903
5,51,152,0,11,20,19,Vio spritzig,1904
5,51,152,0,15,20,19,Vio Still (Lüner Quelle),1905
8,72,238,1,3,0,0,Vitalitasia (Source de Ciseau) Classic,1908
8,72,238,1,3,0,0,Vitalitasia (Source de Ciseau) Medium,1909
8,72,238,1,3,0,0,Vitalitasia (Source de Ciseau) Naturell,1910
44,80,408,4,4,15,20,Vitrex (Seewald-Quelle),1911
49,96,689,13,82,17,36,Vitrex Classic,1912
49,96,689,13,82,17,36,Vitrex Sanft Perlend,1913
20,94,248,0,8,0,120,Vittel,283
3,78,209,0,17,35,0,Viva con Aqua Leise,1918
3,80,208,0,18,36,0,Viva con Aqua still,1919
9,22,120,5,5,0,13,Vogelberger Classic,1922
9,22,120,5,5,0,14,Vogelberger Medium,1923
9,22,120,5,5,0,14,Vogelsberger Classic,1924
90,22,120,5,5,0,14,Vogelsberger Medium,1925
24,99,325,13,7,32,78,Vogesia Medium,1926
33,102,345,3,25,47,73,Volkmarser Sauerbrunnen,1927
8,12,74,6,12,15,9,Volvic,278
8,12,74,6,12,15,9,Volvic Leichtperlig,1931
41,114,249,2,14,20,223,Vöslauer prickelnd,1932
41,114,249,2,14,20,223,Vöslauer still,1933
1,5,230,0,90,12,5,VOSS Sparkling,1934
1,5,20,0,6,12,5,VOSS Still,1936
12,19,109,0,8,5,0,Vulkanius Medium,1940
58,83,585,17,53,39,49,Vulkanpark-Quelle Eifel Classic,1941
58,83,585,17,53,39,49,Vulkanpark-Quelle Eifel Medium,1942
58,78,591,17,52,34,51,Vulkanpark-Quelle Eifel Naturelle,1943
18,75,248,3,14,14,72,Waldecker Classic,1945
18,76,248,4,15,14,72,Waldecker Medium,1946
18,76,248,4,15,14,72,Waldecker Naturell,1947
49,253,367,0,26,18,587,Warburger Waldquell Classic,1949
49,253,368,0,26,18,587,Warburger Waldquell Medium,1950
49,253,368,0,26,18,587,Warburger Waldquell Still,1951
17,26,135,1,13,19,27,Weisensteiner Quelle,1954
17,27,135,1,14,20,28,Weisensteiner Quelle Medium,1955
0,66,147,0,16,0,59,Wendenquelle Medium,1956
43,134,677,8,171,228,31,Westerwald-Quelle,1957
17,72,286,1,9,14,17,Wetterauer Klassisch,1958
17,72,286,1,9,14,17,Wetterauer Medium,1959
15,22,108,1,13,21,32,Wiesensteiner Quelle,1961
34,176,446,0,18,0,163,Wiesentaler Aktiv,1962
36,180,464,0,18,0,170,Wiesentaler Medium,1963
34,182,453,0,18,73,158,Wiesentaler Still,1964
17,67,191,0,165,265,0,Wilhelminen-Quell Medium,1965
124,355,1.449,0,88,96,256,Wilhelmsthaler Medium,1966
124,355,1.449,0,88,96,256,Wilhelmsthaler Spritzig,1967
5,41,147,0,16,0,16,Winfried Classic (Wolftalquelle),1969
5,41,147,0,16,0,16,Winfried Medium (Wolftalquelle),1970
6,91,239,1,10,24,44,Wittenseer Classic,1973
6,96,224,1,11,24,44,Wittenseer Medium,1974
6,91,239,1,10,24,44,Wittenseer Stilles,1975
46,166,340,2,38,88,280,Wittmannsthal Quelle Classic,1977
46,166,340,2,38,88,280,Wittmannsthal Quelle Medium,1978
46,166,340,2,38,88,280,Wittmannsthal Quelle Naturell,1979
11,105,487,3,37,14,2,Wolkenstein Classic,1980
10,105,487,2,37,14,1,Wolkenstein Medium,1981
55,135,395,4,14,14,248,Wörsinger Mineral Spritzig,1983
55,135,395,4,14,14,248,Wörsinger Quelle Still,1984
55,135,395,4,14,14,248,Wörsinger Sport Medium,1985
48,118,455,3,11,43,68,Wüteria Heiligenquelle Classic,1987
48,118,455,3,11,43,68,Wüteria Heiligenquelle Medium,1988
48,118,455,3,11,43,68,Wüteria Heiligenquelle Naturell,1989
77,426,374,5,60,13,1.140,Wüteria Schlossbrunnen Classic,1990
77,426,374,5,60,13,1.140,Wüteria Schlossbrunnen Medium,1991
77,426,374,5,60,13,1.140,Wüteria Schlossbrunnen Naturell,1992
8,12,74,6,12,15,9,Volvic,278
120,90,1.800,30,470,130,100,Apollinaris Classic,282
20,94,248,0,8,0,120,Vittel,283
33,70,342,1,14,21,27,Adelholzener Classic,279
26,80,360,1,6,10,14,Evian,287
4,47,175,2,16,12,10,Vilsa Classic,288
72,287,372,4,36,86,655,Franken Brunnen Spritzig,883
54,128,420,3,12,27,180,Aqua Vitale Naturelle,449
124,528,403,0,29,29,1.463,Ensinger Classic,805
27,96,567,0,74,16,26,Teinacher Classic,1798
43,0,150,18,11,6,18,Vio,1902
6,71,240,4,66,97,18,Aqua Culinaris (Cora-Quelle) Classic,414
6,60,204,0,4,5,0,Quellbrunn (Brandenburger Urstromquelle) Classic,1489
6,40,194,0,20,8,0,Saskia Quelle Jessen Classic,1641
